,SITE NAME,z_score,in_deformation
0,Mawson station,0.29020091415240057,False
1,Syowa,1.6754096808654366,False
2,ILE DE LA POSSE,0.34154222874729395,False
3,Kerguelen,1.290614158186988,False
4,Davis,0.19965280375304756,False
5,Guatemala city,30.79336598280778,True
6,Santa Elena,5.150161953237442,False
7,Puerto_Escondid,2.991916067347774,True
8,UWI_Mona_JAM201,0.40071351094969243,True
9,Cayaco,0.9160916617445004,True
10,KINGSTON,0.42912510245250773,True
11,Campeche,2.6051424427023395,False
12,George Town,2.941817486280661,True
13,PedroCay_JAM201,0.8539569947230361,False
14,SANTIAGO DE CUB,19.407501901075328,True
15,Saint-Paul (Isl,2.159346479920608,True
16,Manzanillo - Un,2.9256498006218696,True
17,Sanae,2.8766248205076,False
18,Tampico,3.8110698720227467,False
19,Niebla,37.84907600566664,True
20,Osorno,29.8368473717433,True
21,Concepcion,66.89962172089967,True
22,Coyhaique,3.2102177191784538,True
23,Callao,56.30565576167626,True
24,Antuco,2.1805532634641596,True
25,Valparaiso,35.40648097109454,True
26,Casey,1.0736432304960297,False
27,Punta Arenas I,7.076408787421522,True
28,Aguascalientes,23.84633301649099,False
29,Santiago,33.18979616617326,True
30,KEY WEST NAVAL,0.8184803785245429,False
31,Malargue,7.3391949100537115,True
32,Rio Grande,3.9126239355353425,True
33,Copiapo,44.77581447047915,True
34,Rio Bamba,4.572844582088787,True
35,San Juan,4.954408681380138,True
36,Centre National,0.3259452518662626,True
37,Caucete,0.20981237116094759,True
38,Rawson,0.3248238309545519,False
39,Lihue Calel,4.42839805305693,False
40,RICHMOND,2.581834653346768,False
41,General Conesa,8.63641863705944,False
42,FLIU,1.2268725565337404,False
43,Virginia Key -,3.2081207061395696,False
44,"NAPLES, FLORIDA",1.3443727281676048,False
45,Nassau,8.693892987426366,False
46,San Fernando de,5.781877466831454,False
47,Iquitos,2.009053001145917,False
48,Cordoba GPS sit,2.238273696362038,False
49,Laguna Vista,1.018238687440547,False
50,Fort Myers,1.4076219828751726,False
51,Bahia Blanca,2.2153419567755583,False
52,Salta,1.8176012438086577,False
53,Monterrey,3.5012841360710283,False
54,Stanley,2.6817608533086483,False
55,Port Stanley -,0.5973634523538353,False
56,"OKEECHOBEE, FLO",1.6235249666196307,False
57,Rio Branco,1.6858365009716476,False
58,Yacuiba,0.33538527673356067,False
59,Mac Dill AFB,3.046398576518487,False
60,Prvdncia_COL201,0.09439455349099751,False
61,Universidad de,1.0651241043582333,False
62,Mar del Plata,0.15432623572028506,False
63,Buenos Aires,0.04122512676114338,False
64,La Plata - Arge,0.2365844447065033,False
65,Laguna Yema,1.3726566411789671,False
66,La Plata,1.6937322388886134,False
67,CORPUS CHRISTI,0.7067044795479229,False
68,Guajara-Mirim,3.516813761718126,False
69,Rockport,0.21467449041733833,False
70,Chaco,1.3303164198172381,False
71,Montevideo,0.20972277876483783,False
72,Montevideo - Pa,0.7546559459245115,False
73,Grand Isle,10.822962323812401,False
74,CAP CANAVERAL I,0.12827803280925326,False
75,Ascension III,0.9427163877773619,False
76,Porto Velho,0.2691176765475436,False
77,Tacuarembo,0.47061910579287963,False
78,Sao Gabriel,0.6067525647902445,False
79,CLUTE COOP,1.6858772516749074,False
80,GALVESTON,1.457097939154822,False
81,Tefe,0.9784850883142774,False
82,Shell Beach,0.8199981100287832,False
83,Colorado d Oest,1.0907699506375288,False
84,Loyola Universi,0.1961465662635315,False
85,Santa Maria,0.454310929394664,False
86,"GAINESVILLE, FL",2.027662653008338,False
87,MOBILE,4.487938984667638,False
88,San Vicente,3.6749720429441353,False
89,Dauphin Island,0.26061273151247133,False
90,Esteli,1.8447826620061958,True
91,Lake Houston,0.9580425240286191,False
92,Pensacola,1.0822698465619645,False
93,Liberty,2.3115655211941553,False
94,ALDOT 9 DIV OFF,0.7877785567226172,False
95,Porto Alegre,1.0086378683415886,False
96,Hondo,0.07260299949344291,False
97,Campo Grande,4.111738083600013,False
98,Cuiba,1.8903032753152553,False
99,SanAndresCOL200,0.950645146840333,False
100,Santo Domingo,0.8919352493279848,True
101,ALDOT 9 DIV DIS,1.019839304589583,False
102,Rosana,6.239154957059011,False
103,King Edward Poi,6.0304787976861345,False
104,Manaus,1.2962458709924278,False
105,San Salvador,0.8192306821850629,True
106,Sorriso,3.37754251101451,False
107,Presidente Prud,0.33790007760050544,False
108,Imbituba,0.26267235871683425,False
109,Colider,1.3751912141114766,False
110,Boa Vista,0.9346638878772874,False
111,Andalusia Pol D,0.28960101537436855,False
112,Ilha Solteira,0.04374931480790795,False
113,Curitiba - Para,0.6109588085608951,False
114,Austin III,0.11609935107192786,False
115,Tupa - Sao Paul,1.1102936855006857,False
116,Jatai,0.21638164429193088,False
117,Cananeia,0.056764531123704276,False
118,Itaituba,1.5987694548305187,False
119,Sicily Island,0.19739198871444835,False
120,University of U,0.08903785207934561,False
121,Inconfidentes,1.653151202414883,False
122,Cachoeira Pauli,0.14500708297839393,False
123,San Pedro de Ma,0.8511839920841497,True
124,Brasilia,0.027638784752118204,False
125,PRedio da Hora,0.5340922522548303,False
126,Palmas,0.005826630912499469,False
127,Belo Horizonte,0.41274226405582887,False
128,Macapa,0.09969425438887873,False
129,Montes Claros,3.0379880443929888,False
130,KOUROU,1.047598252731445,False
131,Ile Royale,0.6583254752884717,False
132,Cayenne,1.3252764674455113,False
133,Barreiras,0.8551244826220347,False
134,Imperatriz,1.083424130773383,False
135,Vitoria,0.30919874755949545,False
136,Tyler,1.107587633609914,False
137,Belem,1.342282019416646,False
138,Bom Jesus da La,0.8146655649911082,False
139,Natal - INPE,0.21910916951297899,False
140,Recif,0.8584491871253942,False
141,Docas do Ceara,0.16319406855832727,False
142,Forteleza,2.4094275128896463,False
143,Salvador,2.069871262868672,False
144,Sao Luis,0.7483212136082368,False
145,Salvador INCRA,0.03339697493064563,False
146,Petrolina,0.8183594436622716,False
147,Crato,0.25488300010328185,False
148,Managua,4.78636412646591,True
149,TheRockDDBGA201,0.37663605857254207,False
150,Fort Stockton,4.965037420108663,False
151,FORT DAVIS,1.065412733908995,False
152,Charleston Port,1.7344275036978922,False
153,Bumstead_Nunata,0.7055857077202441,False
154,Columbia County,1.2700238513119584,False
155,Kermit,4.783626510646248,False
156,Hermosillo,1.5594814353403266,False
157,Longs - South C,0.5989647210872407,False
158,TDOT District 3,0.014722335052030286,False
159,"LUBBOCK, TEXAS",1.1462987684091155,False
160,Dunlap - Tennes,0.4013886790893651,False
161,Rambo_Nunatak__,5.313482049973463,False
162,Shelby,1.972745991330265,False
163,RockyHillAR_200,0.20715007686581258,False
164,TDOT District 2,0.9795254405111766,False
165,Kenansville,0.5879419486573743,False
166,Beaufort,0.4493601205600288,False
167,"DOBSON, NORTH C",0.6080864856219769,False
168,FISHTAIL POINT,0.1387584849180147,False
169,Isabella,0.37711649609059067,False
170,MoDOT Nevada,1.023426908361515,False
171,MOUNT FLEMING,0.02211029638586823,False
172,Pietown,1.5230124169488948,False
173,Wichita ICT1,0.13366527986362142,False
174,Mount Coates,0.6921926191425584,False
175,Magueyes Island,0.11751977492024378,False
176,Ile des Petrels,1.0217976335059746,False
177,BERMUDA,0.49577615701959804,False
178,Gloucester Poin,0.19272853264228484,False
179,MoDOT Warrenton,0.5670741976894361,False
180,Grants Nmdot,1.6559168791776295,False
181,ANGELFIRE_NM200,2.54997257794813,False
182,Kansas Cty WAAS,0.15461708627449497,False
183,BLOOMINGTON,0.3279589774181068,False
184,Greenbank,2.775935969290137,False
185,CAPE ROBERTS,0.14466914280773538,False
186,Mac Murdo,0.04268604332890224,False
187,Scott base,0.17933644881197133,False
188,EIU COOP,1.1039301953394889,False
189,"Lebanon, Ohio",0.9226348212724572,False
190,ChacoCnHP_NM200,3.7381538527152025,False
191,KSU1_KSUN_KS200,1.2778622248432805,False
192,Stafford,1.049226256078505,False
193,SOLOMONS ISLAND,2.212299095049825,False
194,HORN POINT,1.863398936897608,False
195,Washington,1.7757675642596384,False
196,Bayamon Science,0.3861563788530012,False
197,DC WAAS 1,3.9731875962362135,False
198,Annapolis MD,1.2089532908818819,False
199,Annapolis 6,2.5636402171894077,False
200,ANNAPOLIS,0.2529888518995784,False
201,Blythe,8.124026062488173,True
202,San Juan WAAS 4,0.3756860535271267,False
203,FERNO MESA,8.879714563981603,False
204,FreemontAPCO200,1.2102867914982485,False
205,Colorado spring,2.1491412812628825,False
206,Reedy Point - D,0.16738471067801544,False
207,WIDE CANYON,13.968588107745385,True
208,Philadelphia Wa,0.22277495357790594,False
209,NORTH LIBERTY,2.765336758631216,False
210,"Penn State, Sta",1.7901518428882293,False
211,MonticelloUT200,4.890221614675576,False
212,AkronArpt_CO200,1.34518353558547,False
213,"Gustavus, Ohio",3.082312864896589,False
214,"Adrian, Michiga",2.5106958946571036,False
215,FREDONIA,7.740017379679775,False
216,LIBERTYVILLE,1.430654515812641,False
217,"Boulder, Colora",2.4425275108615274,False
218,PLATTEVILLE,1.6982533654402596,False
219,Kingsville - On,2.462171769293216,False
220,Table Mountain,1.8665595078112096,False
221,Sandy Hook - Ne,4.826577874235554,False
222,Brooklyn Pier,0.023928560146791764,False
223,Battery Park -,0.29452501130293746,False
224,"Wilkes Barre, L",0.6135677873277473,False
225,Queens - New Yo,0.5544559435258575,False
226,GOLDSTONE,8.88528595154056,True
227,Laramie County,0.6546102055055053,False
228,Marysvale_UT200,9.580179410960307,False
229,CALEDONIA,3.7799269517173646,False
230,"St. Thomas, US",0.1798266816094292,False
231,Saint-Vith,0.26310772705062324,False
232,CHINA LAKE,1.0419455971919533,True
233,Blue Earth,0.6554632749955956,False
234,Groton,0.31237953802075724,False
235,Saint Catherine,1.0181438062107362,False
236,Lockport,1.5266512812818087,False
237,SIOUX FALLS,0.8511427966116553,False
238,Goderich,19.900348341671492,False
239,CADILLAC,3.462080014150471,False
240,LastChanceCS200,1.6083162923100607,True
241,Cobourg - Ontar,4.5552116621719545,False
242,TONO_BRGN_NV199,8.004788907432962,False
243,EGAN_BRGN_NV199,4.8620966934177225,False
244,WESTFORD,1.1107008213756915,False
245,Howard Nunatak,7.985476281081739,False
246,Kingshill,0.3717601218487138,False
247,Kingston,0.2611887777238121,False
248,Springfield - V,0.06233713971313347,False
249,MAMMOTH LAKES,12.284941170085222,True
250,Newcastle_WY200,0.23396411616776588,False
251,ASCANABA,1.6407502470160402,False
252,PARRY SOUND,2.7703626994091097,False
253,SAINTE CROIX,0.021728327735940207,False
254,BLW2_EBRY_WY200,2.187013343968544,False
255,Little Current,7.119196678147249,False
256,MIMQ Marquette,1.4124315723943082,False
257,AHID_EBRY_ID200,8.062022384322184,True
258,Wisconsin Point,0.704181996294587,False
259,Baraga,3.3293684045743936,False
260,Rothsay,1.4574407240610858,False
261,Ottawa - Nation,1.2600013141184059,False
262,Algonquin,3.0604413877395187,False
263,Gatineau,0.9509739937948172,False
264,Stanford univer,62.212683356135585,True
265,STANFORD LINEAR,59.1259158875353,True
266,San Bruno,43.964524727400864,True
267,Berkeley - Sibl,5.2097846073386345,True
268,University of C,45.349799940327124,True
269,Driggs - Idaho,2.506111920910589,False
270,PMTL RACS-APM,3.3032257464205164,False
271,Tiburon Peninsu,35.39972641968741,True
272,TEREkalakaMT200,0.8370790981736648,False
273,Grand Marais,3.6468656627674663,False
274,"Bismark, North",1.7322494047128207,False
275,SpringCrekNV200,12.516738233369994,False
276,BAR HARBOR,0.5106569365235726,False
277,Michipicoten,7.975677705994675,False
278,Tusket,0.23993396147115312,False
279,Clarke Mountain,2.371437875960379,False
280,QUINCY,32.13232470876268,False
281,Thief River Fal,3.2506002486900964,False
282,Machias,1.9787529231441763,False
283,BillingsAPMT200,0.28676600179573414,False
284,Curacao__CUW201,0.30410886471845827,False
285,GlendiveWTMT200,0.11541315771834992,False
286,EASTPORT,0.46213482243320037,False
287,MatadorRchMT200,2.8685238810213174,False
288,LilJuniperCN200,9.75773021549308,False
289,VAL D OR,9.650510214632732,False
290,Minot AFB Base,2.0010187718438237,False
291,Halifax,2.2389919347118306,False
292,Fredericton,1.688969432941691,False
293,La Pocatiere,1.019695180249238,False
294,Charlevoix,0.37586104478811605,False
295,DARWIN II,16.338452340855536,False
296,"Sint Maarten, P",0.18122177336646297,False
297,FickleHillCN200,22.395166026816806,True
298,LAC DU BONNET,4.7072485271648326,False
299,Armington_MT200,0.7022560316927081,False
300,BakerCity_OR200,0.7993785323359544,False
301,Shediac,1.6028987380673723,False
302,WhitewaterMT200,0.3932846133141384,False
303,Crescent City,13.61700369587771,True
304,Missoula,1.7393630048925681,False
305,PICKLE LAKE,11.16449383359381,False
306,Escuminac,0.8623710967533725,False
307,"REDMOND, OREGON",13.330380824462372,False
308,Pointe-au-Pere,0.9955371134123364,False
309,"CAPE BLANCO, OR",38.88099512102365,True
310,Flathead Valley,2.3000981081423606,False
311,Baie Comeau,1.9153508721364572,False
312,"Corvallis, Oreg",49.96822931133204,True
313,Bear Peninsula,59.38883746021834,False
314,"Newport, Oregon",64.07604510595188,True
315,"ELLENSBURG, WAS",3.3054283229842794,True
316,PackwoodF_WA200,25.990847923186667,True
317,"TILLAMOOK, OREG",57.22878756478084,True
318,Rothera,1.7534919105823732,False
319,Saskatoon,2.8968874630043686,False
320,BREWSTER,13.069782830495084,True
321,Tongue point -,69.92733110928667,True
322,FORT STEVENS,85.56007538881619,True
323,La Grande 1,18.58223545647815,False
324,CALGARY,1.6030799806740104,False
325,West Seattle,16.362743699815667,True
326,Seattle,34.79676059710759,True
327,WOODINVILLE,9.94175836327045,True
328,Roosevelt,9.841180300735624,True
329,Saint-Pierre,3.5479585843538564,False
330,O'higgins,0.9007057570246915,False
331,Penticton,11.889028568482487,False
332,Ny-Alesund,8.13998410234858,False
333,Chimacum School,18.597322406680604,True
334,Vernadski,3.119048183842353,False
335,Port Angeles,39.920784480001466,True
336,PORT ANGELES,18.26101802115393,True
337,Flin Flon,8.093876594336106,False
338,La grande 4,7.2160964927814275,False
339,"Friday Harbor,",32.13032371978855,True
340,VICTORIA/SIDNEY,53.115271001607326,True
341,CHILLIWACK,17.553673774846807,True
342,Quillayut_WA200,104.19416853727478,True
343,quillmast_wa201,18.856435426908355,True
344,Palmer station,5.578350515540431,False
345,Redonda,0.007663866743220108,False
346,Cheeka Peak,84.92935975461488,True
347,KUUJJUARAPIK,31.52512887291184,False
348,Barbuda__ATG201,0.10646025873701816,False
349,NANOOSE,49.1351504781555,True
350,Bamfield,61.243197946394744,True
351,WHISTLER,3.3438599134554554,False
352,UCLUELET,75.38812300539458,True
353,Tofino,30.400343907277218,True
354,ST JOHN'S,9.197632467673788,False
355,Quadra Island,17.74655311665192,True
356,Hofn,13.683984030476791,False
357,BGGY__AntiguaBG,0.31632118231196893,False
358,SCHEFFERVILLE,21.96985109585136,False
359,WILLIAMS LAKE,0.7969408431539056,False
360,Churchill,20.802319212520313,False
361,Holberg,7.78280393649357,True
362,NAIN (LABRADOR),5.394928986194437,False
363,Ennadai Lake,5.516110918678045,False
364,Les Abymes - Ra,0.164021226925974,False
365,Pointe-a-Pitre,0.05015062608606097,False
366,Rankin Inlet,11.631446544159457,False
367,Tukto Lodge,12.097171207571417,False
368,Annette Island,10.612724413699485,True
369,BAKER LAKE,18.365869467306386,False
370,Yellowknife,15.068182922000247,False
371,Ponta Delgada (,3.0969538283418028,True
372,PetersburgAK200,47.81989814173299,True
373,PortAlexanAK200,11.395685222911663,True
374,Bilibino,5.655708985767128,False
375,Westeast__AK200,0.3072803780533495,True
376,Daring Lake,12.602138396297214,False
377,Iqualuit,2.720649979699778,False
378,"JUNEAU, ALASKA",11.038362770268744,True
379,Repulse Bay,12.044064585410165,False
380,Santa Cruz das,18.146806317306122,False
381,Santa Maria ESA,0.31771890627527766,True
382,WHITEHORSE GPS,14.435907440809116,False
383,Kugluktuk,10.558355293440025,False
384,Adak,6.6890974421865765,True
385,AtkaIslandAK200,1.0544482014648218,True
386,Cordova,22.663591991516743,True
387,Qikitarjuaq - N,5.171093176366221,False
388,Qaqortoq,10.513098840147581,False
389,Seal_RocksAK200,6.533714566658601,True
390,Kodiak,4.748367717929429,True
391,Kodiak - Pillar,2.9999370717133567,True
392,AkhiokCorpAK200,0.015116403281011,True
393,StPaulIsldAK200,4.425070760822313,False
394,Seldovia,3.1421111623745452,True
395,Nikolski__AK200,2.559131819093278,True
396,Anchorage AK DO,1.9027444955258335,True
397,ANCHORAGE (FAA),2.062099204148968,True
398,The Surveyors E,3.758715571097381,True
399,ANC AIRPORT 2,0.7799284953642969,True
400,HOLMAN,10.168485160302993,False
401,Kenai - Alaska,37.03091266230732,True
402,Sandpoint,1.0977703258023648,True
403,PortHeidenAK200,2.287429408026868,True
404,WestdahlNWAK200,0.18973166380254924,True
405,INUVIK,6.99177868773349,False
406,King_Cove_AK200,11.30563170696498,True
407,KingsalmonAK200,1.497653550380387,True
408,Wales - Alaska,23.387238019157028,False
409,Eielson AFB,23.721351545584124,True
410,Nome,29.825892048667864,False
411,FAIRBANKS,4.255118854485922,True
412,COLLEGE/ALASKA,18.290854974329168,True
413,Tuktoyaktuk - N,0.42435406814223353,False
414,Bethel Waas,20.519762022752033,False
415,FarewellMTAK200,19.86900104000991,True
416,CHATANIKA,1.9722436989551237,True
417,Nyac_Gold_AK200,16.547597913186582,False
418,Kotzebue WAAS,6.034175218760553,False
419,Kobuk_VallAK200,24.97236708643974,False
420,SagRivrDOTAK200,21.41983837757389,False
421,Atqasuk,15.904346404858694,False
422,Thorshavn,1.0831432410864537,False
423,BARROW - ALASKA,1.264625720885372,False
424,Fort de France,0.2806839668147957,False
425,PRUDHOE BAY I (,2.3854367507303498,False
426,Kellyville (Kan,8.068616981739668,False
427,RESOLUTE,11.429007259959132,False
428,Lamentin Airpor,0.10428609098448657,False
429,Thule,28.886581828555425,False
430,"Eureka, Nunavut",19.23652118561298,False
431,Sermip Nuunataa,4.163261657520939,False
432,ALERT (NUNAVUT),20.166737052403096,False
433,Leffingwell Nun,21.69279733408088,False
434,Steenstrup Nord,12.97266026560919,False
435,Castries_LCA201,0.230788936306039,False
436,Ittoqqortoormii,16.368534310165998,False
437,Reykjavik,7.046378355581068,True
438,Tixi Seismic st,1.6972417295183395,False
439,Andenes,1.2904394709584621,False
440,Vacoas Meteo,1.453720182236637,False
441,Tromso,0.8683302697076217,False
442,La Reunion,1.0154516043600805,False
443,Honningsvag,0.042902976951700145,False
444,"Saint-Denis, Le",0.1859105048368731,False
445,Le Port,0.18561519089110198,False
446,Kinlochbervie,1.7019534729964696,False
447,Lerwick,0.06317512207462957,False
448,Ullapool,0.9375386998162186,False
449,Vikna,0.9522464951150724,False
450,Vardo kai,2.8504401139900333,False
451,DOMEN,0.5536830246083295,False
452,Kiruna - Jukkas,4.950200842761407,False
453,Kiruna - Esrang,5.170233782755061,False
454,Trondheim,0.1557394172176816,False
455,BRIDGETOWN,1.822990742097261,True
456,UWI_CN45_TTO201,1.2990173612103024,True
457,EDINBURGH,0.9660919988246569,False
458,Vilhelmina,5.535783607979431,False
459,Sodankyla / Pit,4.948272603343982,False
460,Tallaght,0.2928791341550881,False
461,Nyborg,7.927664994846998,False
462,Skellefteaa,8.866620236784662,False
463,Stavanger,1.7750439772643996,False
464,Morpeth,0.6670569398071855,False
465,Holyhead,1.1316253522994764,False
466,Funchal,0.836013938673328,False
467,Ratan,7.756786341169655,False
468,OSLO,1.0258043867195898,False
469,Vinberget,5.123517347261965,False
470,Daresbury,0.5179188701599077,False
471,Angle,0.21516616148349357,False
472,Tregde vannstan,1.167004105257431,False
473,Swansea,0.7487212005878022,False
474,Stromstad,1.6804772808336705,False
475,Scilly Isles,0.41063797760955384,False
476,NORILSK,4.141639513549701,False
477,Padstow,0.805994386124429,False
478,Cardiff,0.05275289079562967,False
479,Bartinney,0.3334550466368055,False
480,Ambalavao,0.8456171159816109,False
481,Gavle,2.932812546494966,False
482,Smogen,0.2887410416855743,False
483,Martsbo,3.3185492701106614,False
484,YAKUTSK,4.044600045021194,False
485,Plymouth,0.46699371801279965,False
486,Hallnas,1.7121933774040636,False
487,Weybourne,0.015323945181034922,False
488,La Palma,1.6634976609062802,False
489,Suldrup,2.7624619026479817,False
490,Biskopsgarden,1.298124390093746,False
491,SANTA CRUZ DE L,1.878944790909919,False
492,Olkiluoto,3.5489116736993935,False
493,Bagaregarden,0.8546616926033932,False
494,Krokslatt,1.004487332849812,False
495,Frolunda,1.0367883733848757,False
496,Portland Bill,0.44516958621864494,False
497,Poole,0.9749803892061896,False
498,Onsala,2.201709654040069,False
499,Boras,1.1090788478290046,False
500,HERMITAGE,0.011400181240136918,False
501,TEDDINGTON,0.5634250204305427,False
502,Portsmouth,0.5553948131997843,False
503,Lovo,1.3210851216987778,False
504,KTH,0.7280514525105263,False
505,Sandakan,0.24888553579234887,False
506,Sandown,3.890898160661576,False
507,Mosebacke,0.49065911450952027,False
508,Varberg,1.780037698254305,False
509,Huddinge,1.0687092201020683,False
510,Degerby,2.367359389607619,False
511,Tyreso,1.7218914853172398,False
512,Lampaul-Plouarz,1.5729752491139815,False
513,Shoeburyness,0.938566188721775,False
514,SHEERNESS,0.2998228553747477,False
515,Bourg-Blanc,0.1776554617580357,False
516,Smidstrup,1.3219781566524906,False
517,Roscoff,0.332263853346525,False
518,Brest,0.6186193287063734,False
519,Arko,0.060278290058149324,False
520,Joensuu,2.0772887470967976,False
521,Herstmonceux Ca,0.09284548607193578,False
522,Terschelling,0.6972767591772246,False
523,Beaumont-Hague,0.06340866010686372,False
524,Tenerife Island,2.9805197103880303,False
525,Grafcan - Tener,0.08815555351633218,False
526,Flottemanville,0.12406355301091203,False
527,Cherbourg,0.23212902113163483,False
528,HELGOLAND ISLAN,0.5694929140615339,False
529,Borkum,0.8267640522353789,False
530,Fynshav,0.8884071834710402,False
531,IJmuiden,1.13744851877999,False
532,Concarneau,0.4564694907053131,False
533,Metsahovi,1.458769758922577,False
534,Equihen,0.19412586719329727,False
535,Dunkerque mareg,1.208213309900819,False
536,Copenhaguen,1.2141851083354105,False
537,Coudekerque-Bra,0.3185403102270217,False
538,Saint-Malo,0.04849699326687006,False
539,Malo-les-Bains-,0.4729026843506961,False
540,Dinart Pleurtui,0.5074425728235022,False
541,Oskarshamn_C,0.05627942961098541,False
542,DELFT,0.3983800375845593,False
543,Pen Men - Groix,1.3036648905755956,False
544,Loddekopinge,0.9686458765684268,False
545,Vlissingen,1.7629149481836628,False
546,WESTERBORK,1.2852751827470956,False
547,Gonneville la M,0.6457756099598688,False
548,Boda,0.921052392576015,False
549,East London,0.3423749686927824,False
550,Caen,0.18263488303091058,False
551,Maspalomas,0.0024677223249684106,False
552,Visby,0.5660102528966614,False
553,KIEL-HOLTENAU,0.8560523016068873,False
554,Aguimes - Gran,0.1500316722605478,False
555,Le Havre - Vigi,0.7311189572226728,False
556,Dieppe Port aut,0.8775190873885533,False
557,Ambrumesnil,0.6872829887013933,False
558,Skanor,2.0417888636594794,False
559,Bertreville-Sai,0.20775552640577055,False
560,KOOTWIJK,1.0828744502932146,False
561,Sarzeau,0.20080163659386052,False
562,Tias,2.321310986952125,False
563,Ystad,1.3959463075700318,False
564,Ambohimpanompo,0.8360258106897988,False
565,Kungsholmsfort,0.5465514836059149,False
566,Skillinge,1.1068323792421781,False
567,Svetloe,1.2466616206087784,False
568,Fuerteventura,0.39845195846993287,False
569,Kuressaare,0.35940321798148156,False
570,Brussels Ukkle,0.25485356035429907,False
571,Saint-Nazaire,0.08251411604747416,False
572,Diepholz - Nied,1.269080112124233,False
573,Port Elizabeth,0.44353710110262917,False
574,WARNEMUENDE,0.06960599645275165,False
575,A Coruna,8.65143417371844,False
576,Tejn Havn,0.4172635184412596,False
577,Rabat,0.384153355030698,True
578,Sassnitz,0.4889869410792063,False
579,Waremme,0.307893232474756,False
580,HOHENBUNSTORF,0.46162016893693225,False
581,Eijsden,0.8452061709923216,False
582,TITZ-JACKERATH,0.4608531321014953,False
583,Paris,0.21473864006781734,False
584,Sables d Olonne,0.6294552634576716,False
585,GORLEBEN,1.0699567326206145,False
586,Vigo,0.13014346235858024,False
587,Redu,0.7311688596286068,False
588,Angles,0.23449825945951353,False
589,BRAUNSCHWEIG,0.528524315033032,False
590,EFFELSBERG,0.296681121156938,False
591,La Rochelle,0.4078003103157493,False
592,Ile d'Aix,0.0389029489512032,False
593,Gellin,0.2686308469718377,False
594,Riga,0.23217121399410642,False
595,Villefranche-su,0.4518886750954528,False
596,Royan,0.10031602258288866,False
597,Melilla,3.0796136685685687,False
598,Potsdam,0.3584220569699903,False
599,Dillingen - Saa,0.3710168741120804,False
600,Bad Homburg,0.13232383302790302,False
601,FRANKFURT,0.7191363579082213,False
602,Cantabria,0.5360153477245904,False
603,Lindenberg,0.17290026839216874,False
604,Cap Ferret,0.16030161295398615,False
605,LEIPZIG,0.26162613841799476,False
606,Sopuerta,0.29779291848212835,False
607,Mimizan,0.9953102951125431,False
608,KARLSRUHE,0.7068788143926396,False
609,Strasbourg,0.29042530715407894,False
610,Lamkowko,0.02061147412043574,False
611,Hof,0.16360412774549718,False
612,Old Durban Inte,1.6320541618901407,False
613,DRESDEN,1.8669565732655717,False
614,Ciboure (Saint-,0.12729424057472583,False
615,Durban,1.773871355504667,False
616,Biarritz,1.2551244036096545,False
617,Richardsbay,2.402828182540331,False
618,Cascais,0.8786327388149402,False
619,Borowiec,0.23987222718678097,False
620,Palmeira - Cape,0.5014390642579966,False
621,HUEGELHEIM,0.7031800118265189,False
622,De Aar,0.1309739201490659,False
623,Vilnius,0.01789183939216274,False
624,Saint-Jean-des-,0.4936257506724378,False
625,Hermanus,0.22869216334127712,False
626,Caceres,0.27956835772320815,False
627,Wroclaw,0.3903454884283302,False
628,Wabern,1.1793717512838444,False
629,Zimmerwald,1.280057698636093,False
630,Cebreros,1.0466870683414118,False
631,Borowa Gora,0.35197098826750006,False
632,Madrid-Robledo,1.013364245168568,False
633,Wettzell,1.0495371782123653,False
634,Pecny - Ondrejo,0.3896096881914573,False
635,Toulouse,0.7349271676427094,False
636,Hartebeesthoek,0.3086815431009615,False
637,Sutherland,0.14407055952752934,False
638,VILLAFRANCA,1.8411770047297327,False
639,Ulundi,2.3688434992049334,False
640,Jozefoslaw - Wa,0.061235974327982695,False
641,Oberpfaffenhofe,1.7419147266640038,True
642,Simonstown,0.22236669145376253,False
643,Yebes,1.3536863346360657,False
644,LE CAP I,1.4101717612765354,False
645,Zaragoza,1.2364271896027366,False
646,MENDELEEVO,0.6483377201456955,False
647,Innsbruck - Haf,1.1295575943996785,True
648,Zwenigorod,0.059464030354822256,False
649,Sete,0.5492947328895825,False
650,Llivia,0.22143065139940185,False
651,Brno,0.8977753432644422,False
652,Huelva,2.0087595003749175,True
653,Torino I,0.46681018630832866,False
654,Obninsk/Moscow,0.33606957670569854,False
655,Port-Vendres,0.45161754310276564,False
656,BELLMUNT DE SEG,0.45529340637520715,False
657,Salins de Girau,0.4844635332156517,False
658,Bolzano,0.9370149680040325,False
659,Mafikeng,3.474480103684168,False
660,ROQUETES - TORT,0.4237025789494549,False
661,Marseille,0.5209888441789272,False
662,Barcelona - Pue,0.19541352544583476,False
663,Grasse (OCA),0.6266105855867945,False
664,SAN FERNANDO,6.667976503344872,False
665,Toulon,0.6103308024351181,False
666,Borriana,0.24981319182348904,False
667,Nice,0.548797846930477,False
668,La Crau,0.00810974082921952,False
669,Cannes - La Boc,1.2075890412630408,False
670,Eze - Village,0.08854036931091158,False
671,Mattersburg,3.8911199363901106,True
672,Genova,1.287612102805437,False
673,Valencia,0.6564520920577367,False
674,Ganovce,3.7983620466210195,False
675,GRAZ LUSTBUEHEL,3.575978769001851,False
676,PADOVA,3.6960087344957193,True
677,Gibraltar,3.5134402409831043,False
678,VENEZIA,2.7918195600501177,True
679,Malaga,6.663546875992164,False
680,Venezia II,3.720636893236482,True
681,Kazan Federal U,1.3767547097363453,False
682,Lviv,0.596440253723219,False
683,FERRARA,3.969746767002798,True
684,Ceuta,7.366312860696725,False
685,Ljubljana,4.499596856444008,False
686,TRIESTE,5.343910530021461,False
687,Penc,2.288643356098021,False
688,Krasnoyarsk,1.4126594679469566,False
689,Medicina,9.760817256765337,True
690,Arti,0.02863229276175191,False
691,Alicante,0.31786120414400076,False
692,Porto Garibaldi,4.340908551414223,True
693,Uzhgorod,0.3356758171774218,False
694,Almeria,3.734398969242999,True
695,PRATO,4.783556034573114,True
696,Palma de Mallor,0.2646570842138677,False
697,Ibiza tide gaug,0.05059968830237133,False
698,Luri,0.6955842912290011,False
699,Springbok,0.11654914633166252,False
700,Dakar - DTGC,0.0173267995678843,False
701,Dakar Universit,0.0581432120156241,False
702,Dakar - Plateau,0.5583473704857902,False
703,Kiev - Golosiiv,3.064674430902351,False
704,Ajaccio,0.09035867361111596,False
705,Campo dell ORO,0.5536125564566633,False
706,Baia Mare,0.5466981930125607,False
707,Sari Solenzara,0.8093832809553236,False
708,OROSHAZA,1.765680117770173,False
709,Ancona,2.5207176166231355,False
710,"NOVOSIBIRSK, SN",5.774826065392326,False
711,Irkoutsk,1.5196319181623081,False
712,Osijek,2.8004580524949265,False
713,Novossibirsk,0.21598625693023335,False
714,Zadar,5.6324732233775565,True
715,Badary,6.411323744907356,False
716,L AQUILA,0.19276206545794988,True
717,Poltava,4.413248666039813,False
718,Kharkiv,1.0853375460316128,False
719,ROME - S. Pietr,0.5467962772450558,True
720,Dzaoudzi,1.6400172859536888,False
721,Lampedusa,1.7974339527077896,False
722,Noto,9.752769157316292,True
723,Bacau,2.007520736038292,False
724,Cagliari,0.31160622092366363,False
725,Dubrovnik,5.745089871972684,True
726,Mykolaiv,0.7827556525200057,False
727,Pretoria III,2.715312906760378,False
728,Pretoria,3.5477201332723967,False
729,MAUN,1.1663871953854406,False
730,Lusaka,1.0483268705339257,False
731,Chiang Mai II,10.246333561161535,False
732,Bucarest,2.954916243282392,False
733,Matera,12.259596392564275,True
734,Camerota,4.444531821331499,True
735,Kurchatov,1.5297986500696636,False
736,Sofia,1.8854926951271793,True
737,Constanta,1.4416622451851682,False
738,Lecce,10.072967833498112,False
739,Ohrid,1.4029772873918878,True
740,Giurgiu,6.98530090619997,False
741,Simeiz,4.546469112451459,False
742,Kassopei,7.751129318122426,True
743,Beijing s Ming,27.760906651538058,False
744,Windhoek,1.355116531471215,False
745,Thessaloniki,4.2089898729676545,True
746,Mahe Island,0.06636134472464687,False
747,BEIJING,29.94534436116787,False
748,Spanochori,15.592851145202618,True
749,TUAPSE,0.5327861121393463,False
750,Istanbul,3.6701540038349383,True
751,KHABAROVSK,0.7867248976659044,False
752,Mongu,2.0298412455349113,False
753,KUNMING,20.803725801960532,True
754,ZELENCHUKSKAYA,0.7274620846670038,False
755,Gebze,26.215114901688818,True
756,Urumqi,33.10437748393586,False
757,Sumkar,2.646688709553954,False
758,Shaanxi,46.542046087602564,False
759,Gough Island,0.7768866183493526,False
760,Selezaschita,3.9909911248134415,True
761,Chumysh,0.27387301887049825,True
762,Bishkek,1.4332356211816741,True
763,Trabzon,3.4499496300833212,True
764,POLIGAN/BISHKEK,1.1755940095518118,True
765,Lhasa,138.89743087065258,False
766,Kars,4.487145764809639,False
767,Tashkent,4.557006724405891,False
768,Yerevan,16.231077149035446,False
769,Zomba,3.701809430689233,False
770,Kitab,2.4206077709747977,False
771,Teheran II,18.299446015256727,True
772,Ouagadougou,0.4401002452371259,False
773,Hamedan,3.6056532944223023,False
774,MTWARA,1.2735788154966186,True
775,KIBUTZ KABRI,5.5181799296974114,True
776,HAIFA,5.535554597261052,True
777,Ceasarya,4.623137039906319,False
778,MAALE GILBOA,0.8253119402277124,True
779,TEL AVIV,4.781703370489338,False
780,Ashkelon - Wast,3.982194069021032,False
781,YAMOUSSOUKRO,0.7627156909528019,False
782,Addis Ababa Uni,10.40503935471667,False
783,HELWAN,1.158068774079996,False
784,Mitzpe Ramon,8.223413530331204,True
785,Kandi,1.4087376584471392,False
786,Changchun,2.6713585634388566,False
787,Cotonou,0.8517718883050732,False
788,Lagos,0.5222278082255777,False
789,Ulaanbataar - Z,0.5737956581451701,False
790,LIBREVILLE,0.47576910007852713,False
791,Saint-Helena,0.5954524951663532,False
792,Simosato,40.2278934117562,True
793,Yongsan,5.684053246718052,False
794,Suwon-Shi,4.707686785095583,False
795,Osan air base,0.6515663762058944,False
796,Sejong Observat,4.257315951445789,False
797,Daejeon,2.673415537601659,False
798,Gamak mountain,4.508790058726981,False
799,Dodoma,1.8303163783530139,False
800,MALINDI,0.6609956082931708,False
801,Nairobi,0.9037252864988964,False
802,Eldoret - Moi U,4.360578766162972,False
803,Kigali - Nation,3.4750210208508308,False
804,Macquarie Islan,10.78707899959042,True
805,Mbarara,3.8946184576957097,False
806,Observatoire Ge,8.476166449545538,True
807,AMMAN,3.471219797821281,True
808,METZOKI DRAGOT,6.106737284738673,True
809,ELAT,3.4543779310769325,True
810,Halat Ammar,1.4787217907821035,False
811,Palestine stree,0.4951580781905766,False
812,Tauranga,2.0613312500124255,True
813,Whitianga,3.893831832084498,False
814,Wanganui,0.22978211192470396,True
815,Mahoenui,0.5006204946000107,False
816,Auckland,7.939281220133232,False
817,Auckland tide g,0.5796749738804838,False
818,Cape Campbell N,1.1056377203628658,True
819,Warkworth,0.5114279197161002,False
820,New Plymouth,0.8031219634743024,False
821,Marlbourough,6.606576414117918,True
822,Whangarei,3.037953604964146,False
823,Kaitaia-Tatarak,4.295324573281948,False
824,SOLAR VILLAGE -,0.3923047499004747,False
825,Westport,2.550241200173459,True
826,Puysegur Point,3.2750257643935057,True
827,Hokitika,3.754581507051516,True
828,Bluff,2.333223651449747,True
829,BAHREIN (JUFFAR,0.3035635230168957,False
830,Namas,0.1384588465200573,False
831,LAUTOKA,31.985801549637156,True
832,Alexandra,5.694649481277135,True
833,Dunedin,2.2677136705225216,True
834,Haast,7.809938556947833,True
835,Waimate,3.0980515766288734,True
836,Conical Hill,6.861717541645023,True
837,Karangarua,4.843815059802258,True
838,Mount John,5.360044473994458,True
839,Hoophorn Spur,2.832483257393431,True
840,Annette Plateau,9.462662269822076,True
841,Quarry,2.5646447368156555,True
842,Yibal,1.4093375536731076,False
843,Christchurch,3.355599509983056,True
844,Norfolk Island,4.63096370496342,False
845,Lake Taylor,9.732199514243016,True
846,Point Arena,15.398782876377398,True
847,Point Reyes Lig,14.762200520665704,True
848,PARKFIELD/CARR,23.105968461255692,True
849,Hopkins Marine,7.683844632302484,True
850,Wrightwood,9.934789235186836,True
851,PEARBLOSSOM,23.547448307990503,True
852,DURMID HILL,92.33546287419442,True
853,Yucaipa,46.9671404267104,True
854,PINYON FLATS,60.4383719580708,True
855,PINEMEADOW,33.7830757994396,True
856,Chilao flates /,3.9397044775788053,True
857,CLAREMONT/LA VE,46.9522363673143,True
858,AZUSA,1.4640143765619749,True
859,Tadine - Ile Ma,0.03810017758743962,False
860,PACOIMA,2.964335166172658,True
861,LONGDON YARD/IR,14.182084132332845,True
862,Piru,3.277384563695132,True
863,LAKE SKINNER,41.09252657257121,True
864,Pasadena - JPL,21.248628216545555,True
865,CHATSWORTH,23.495464751970008,True
866,NORTHRIDGE,16.525680764377054,True
867,MOUNT LEE,14.82805359920648,True
868,WHITTIER,25.036139853349383,True
869,SANTA PAULA I,34.63700243000427,True
870,LOS ANGELES,33.36001094747186,True
871,HOLLYDALE,22.43667536001419,True
872,WESTLAKE/ALLEN,22.048838499829532,True
873,MALIBU/SADDLE P,26.648667543270683,True
874,Bommer Canyon,2.1624175654742075,True
875,LONG BEACH CITY,26.21592366102828,True
876,CARSON,13.826981627852065,True
877,Monument Peak,32.24704026554132,True
878,TORRANCE AIRPOR,3.175616825711983,True
879,Santa Barbara,20.42935611642048,True
880,SAN PEDRO,1.262909652113823,True
881,PALOS VERDES,12.512568413463178,True
882,Lucknow,1.2997214984928755,False
883,WE-LIFOU,0.4513583063645502,False
884,LA JOLLA/SCRIPP,13.713892893181672,True
885,Noumea,1.0942828877302755,False
886,CATALINA ISLAND,18.30995575341503,True
887,Numbo,0.14431504833134676,False
888,Chula Vista,3.066035126435387,True
889,SANTA CRUZ ISLA,1.3946818391262759,True
890,VANDENBERG AFB,5.938075788044882,True
891,POINT LOMA,17.186508201500846,True
892,SAN MIGUEL ISLA,1.0691867515388331,True
893,Thio,0.43220334130884797,False
894,SAN CLEMENTE IS,13.664766309328947,True
895,Hwadrilla - Ile,1.2778725413549206,False
896,CICESE,15.378522106569363,True
897,Santa Cruz,0.2655248313668115,False
898,SAN NICOLAS ISL,4.6465717800542645,True
899,Owenga (Chatham,0.5984832382733124,False
900,Chatham Island,0.7053079751935792,False
901,Biratnagar 2,1.1830652534500008,True
902,Hienghene,1.2494922872089447,False
903,Hyderabad,0.9121107422672149,False
904,Koumac,4.598913096974817,False
905,Lord Howe Islan,0.7517328671559016,False
906,Dhaka,2.5568249816857613,False
907,Bangalore,3.0614020780474633,False
908,DIEGO GARCIA,10.959842476262892,True
909,Male airport,0.6736227159208928,False
910,La Paz,8.355703637108922,False
911,Colombo,3.308977824817613,False
912,Gabo Island,0.7232289510006022,False
913,SPRING BAY - HO,0.13888318918442602,False
914,University of N,0.08879459264134167,False
915,Port Kembla,0.26715616298916245,False
916,Sydney,1.193520504140273,False
917,Tuross Head,0.25359746546034645,False
918,Hobart,0.13400299708116595,False
919,"Bingleburra, Ne",0.31683934966887384,False
920,Hernani - New S,0.1516919711345467,False
921,Flinders Island,0.5377745082166351,False
922,Robina,0.1365693466449277,False
923,Brisbane - Wool,0.40783282443826113,False
924,Liaweenee,0.4944559743105991,False
925,Tidbinbilla,0.46236103267614787,False
926,Mount Stromlo,0.19055361033325505,False
927,Devonport High,0.13885066044446914,False
928,Bairnsdale,0.8784046575301854,False
929,"Burnie, round h",1.7632658909007717,False
930,BURNIE,0.007281843340483318,False
931,Toowoomba,0.3524677006775742,False
932,Kilkivan,0.3341726860269965,False
933,"North Star, New",0.23289974885631468,False
934,Coonabarabran,0.1069610913538875,False
935,Bundaberg ARGN,0.38099102961347253,False
936,Parkes,2.6044961516358116,False
937,Beechworth,0.12368386232262676,False
938,Stony point - V,0.7470718732902768,False
939,West Wyalong,0.1969251450670025,False
940,Eidsvold,0.5724080151597108,False
941,Melbourne Obser,2.8434921416812657,False
942,King Island,0.09712694505527783,False
943,Roslyn Bay,0.958146888150751,False
944,"Bald Rock, Vict",0.19440647850032317,False
945,Mount Emu - Vic,0.1580019703669596,False
946,Mitchell - Quee,0.19657961026413778,False
947,"Portland, Victo",0.684314435443289,False
948,"North Bourke, N",0.3385381138611881,False
949,Ivanhoe - New S,0.21946202635202408,False
950,Nhill - Victori,1.5944640162700572,False
951,Nebo,0.16732901925379867,False
952,Cooladdi,0.2782789063091229,False
953,Tambo,0.17228875025119328,False
954,Broken Hill - N,0.5268347990289017,False
955,Tibooburra - Ne,0.6208512190159804,False
956,Aramac,0.7531548186639145,False
957,Port Stanvac,5.168046093525639,False
958,Salisbury,1.1760420967328489,False
959,Townsville - Ca,3.0227804116717376,False
960,Saltier,0.7969751681932766,False
961,Hughenden,0.311700163530822,False
962,Yeelana,0.520088252740353,False
963,Buckleboo,0.06887034933520327,False
964,Andamooka,0.11260898240974959,False
965,Birdsville,0.1736183845564379,False
966,Julia Creek,0.9263089973841615,False
967,Laura,0.5329635505946233,False
968,Boulia,0.28039146894955314,False
969,Thevenard I,0.4564046227044715,False
970,Ceduna,1.2870542510687402,False
971,Mulgathing,0.17390778216057218,False
972,Coober Pedy,0.49496078113543746,False
973,Normanton,0.552603324346236,False
974,Coen,0.7850824072830505,False
975,Lambina,0.32573508767585996,False
976,Coco Islands,9.013283226399071,False
977,Jervois,0.5455216696763917,False
978,Rocklands,0.22800229429473606,False
979,Mount Cavenagh,0.6437546865888026,False
980,Easter Island,1.5944057053567378,False
981,Horn Island - Q,0.4503432309451271,False
982,Eucla - Western,1.7297171432169913,False
983,Alice springs -,0.5191041482002239,False
984,Neutral Junctio,0.5808144640923679,False
985,Warramunga,1.0725494074558402,False
986,Walhallow,0.3584606723887423,False
987,Solomon Islands,35.36256824068764,True
988,Arubiddy - West,0.8654687383708757,False
989,Mount Doreen,0.4643294494824278,False
990,Renner Springs,0.08782973650808212,False
991,Balladonia - We,0.2822718356849231,False
992,Warakurna,0.5537817016408604,False
993,Esperance,0.14996273547551991,False
994,Christmas Islan,3.1999363177331244,False
995,Larrimah,0.3707686459232279,False
996,Mainoru,0.1079406248325014,False
997,Norseman,0.7313481669575953,False
998,Ravensthorpe -,0.4681858622417372,False
999,Kalgoorlie,1.1911546893646958,False
1000,Albany,0.19757175996635604,False
1001,Katherine - Nor,0.5487485080426147,False
1002,Kidman springs,0.9502219427289643,False
1003,Jabiru,1.3742436600472347,False
1004,Hyden,1.2413634845768997,False
1005,Yellowdine,0.19713080606202246,False
1006,Leonora Airport,0.6592057484076332,False
1007,Wagin - Western,0.3584401734069496,False
1008,Northcliffe,0.07119204627567106,False
1009,Douglas Daly,1.0029480726805617,False
1010,Darwin I,0.4189741235781406,False
1011,Kellerberrin,0.3357022744864545,False
1012,Darwin IPS,0.18578273533456527,False
1013,Darwin Supreme,1.4645452640988987,False
1014,Larrakeyah,0.489112730984018,False
1015,Burakin,0.07963343273390323,False
1016,Bentley,3.3730047528641953,False
1017,Wiluna,0.8963716863822077,False
1018,Perth,0.3989297971448356,False
1019,Hillarys - Pert,3.611288342633155,False
1020,New Norcia,0.17447735850763074,False
1021,Fitzroy Crossin,0.2603580749124858,False
1022,Mt. Magnet,0.32331529873684867,False
1023,Yarragadee,0.737246143560853,False
1024,Murchison Radio,0.3207614800836045,False
1025,Niue Island,1.0280748615188668,False
1026,Broome,0.8543195364923111,False
1027,Wallal,0.5858692514213807,False
1028,Meadow Station,0.20846603189728288,False
1029,Tom Price,0.08196188295126083,False
1030,Gascoyne Juncti,0.28005547086728366,False
1031,Port Hedland I,0.18093709646063583,False
1032,Karratha,0.16537912556181888,False
1033,Exmouth,0.9072124743532435,False
1034,Leava tide gaug,2.7084030653857103,True
1035,Futuna,1.2046171431437345,True
1036,Rarotonga,2.372384561612661,False
1037,MAUI,0.3836846889774302,False
1038,Honolulu,1.5338793228696406,False
1039,UPOLU POINT,0.3069828741630314,False
1040,Hilo airport,1.8146675308219031,False
1041,"LIHUE, KAUAI",1.3031522427980797,False
1042,Kauai,0.1149005220367406,False
1043,Kokole point,0.15938787895966403,False
1044,Mauna Kea,0.28726354200709436,False
1045,FALEOLO AIRPORT,12.120278194490297,False
1046,APIA,1.3437046790744707,False
1047,AMERICAN SAMOA,4.347149690503089,False
1048,FUNAFUTI,2.392879524174387,False
1049,Tubuai,1.965058947278883,False
1050,NAURU,0.6669577504283233,False
1051,Port Vairao,3.0979500281482597,False
1052,Papeete (Tahiti,1.8709123916514203,False
1053,Rikitea (Ile Ma,3.5821904888069476,False
1054,POHNPEI,1.6430850518673874,False
1055,BETIO ISLAND -,1.9227157380889646,False
1056,Rangiroa,0.5373662223626071,False
1057,Makemo tide gau,1.053181495754957,False
1058,MAJURO,1.3296434481486632,False
1059,KWAJALEIN ATOLL,0.3366189316688222,False
1060,Kiritimati,0.2657602299742979,False
1061,Minamitorishima,0.48254386872999533,False
